generation_strategy,trials,mean_success,std_success
G1_Baseline,600,0.8616666666666667,0.3455375752583424
G2_LLM_ZSA_CG,600,0.8583333333333333,0.3489988862349145
G3_Human_Expert,600,0.8716666666666667,0.3347396599679836
G4_RL_ADAPTIVE,600,0.8283333333333334,0.3774051049526173
